[
  {
    "method": "ai_generation",
    "timestamp": "2025-07-27T15:31:55.104Z",
    "sourceId": "source-1753630315103",
    "parameters": {
      "topic": "Manus や napkin ai や gamma などスライド生成AIが大量にあります。メジャーなものからマイナーなもの、頻繁に更新され意欲的に機能追加されているものなど、網羅的に調べて日本国内で今使うべきスライド生成AIとして順位表を作成してください。もちろん、スライド作成がメインではないClaudeや、Gemini、m365copilotや、ChatGPT、perplexityなどスライド生成が主体で無いものもスライド作成できるのであればランキングに参戦させてください。(それがが持つ機能で実質スライドを作成できるものについてはランキングに含めてください)。画像やレイアウト、文章、機密性、知名度、ユーザー数、Youtube動画数など注目度など含めてスコアリングしてランキングを作成してください。ランキングは最低でもベスト10までは選手でしてください。",
      "slideCount": 20,
      "autoSlideCount": false,
      "requestedSlideCount": 20,
      "purpose": "business_presentation",
      "theme": "professional",
      "designer": "The Corporate Strategist",
      "originalPurposeRequest": "business_presentation",
      "originalThemeRequest": "professional",
      "originalDesignerRequest": "The Corporate Strategist",
      "includeImages": true,
      "aspectRatio": "16:9",
      "slideCountMode": "around",
      "speakerNotesEnabled": true,
      "pageNumbersEnabled": false,
      "detectedLanguage": "japanese"
    }
  }
]